Transcript Length	all_DMSO_combined.bed	TAF1-DMSO-Rep1-combined.bed	TAF1-DMSO-Rep2-combined.bed	TAF1-VHL-Rep1-combined.bed	TAF1-VHL-Rep2-combined.bed	TAF4-DMSO-Rep1-combined.bed	TAF4-VHL-Rep1-combined.bed	TBP-DMSO-Rep1-combined.bed	TBP-DMSO-Rep2-combined.bed	TBP-VHL-Rep1-combined.bed	TBP-VHL-Rep2-combined.bed	TFIIB-DMSO-Rep1-combined.bed	TFIIB-DMSO-Rep2-combined.bed	TFIIB-VHL-Rep1-combined.bed	TFIIB-VHL-Rep2-combined.bed	XPB-DMSO-Rep1-combined.bed	XPB-DMSO-Rep2-combined.bed	XPB-VHL-Rep1-combined.bed	XPB-VHL-Rep2-combined.bed
0	0	0	0	0	0	0	0	0	0	0	0	0	0	0	0	0	0	0	0
1	0	0	0	0	0	0	0	0	0	0	0	0	0	0	0	0	0	0	0
2	0	0	0	0	0	0	0	0	0	0	0	0	0	0	0	0	0	0	0
3	0	0	0	0	0	0	0	0	0	0	0	0	0	0	0	0	0	0	0
4	0	0	0	0	0	0	0	0	0	0	0	0	0	0	0	0	0	0	0
5	0	0	0	0	0	0	0	0	0	0	0	0	0	0	0	0	0	0	0
6	0	0	0	0	0	0	0	0	0	0	0	0	0	0	0	0	0	0	0
7	0	0	0	0	0	0	0	0	0	0	0	0	0	0	0	0	0	0	0
8	0	0	0	0	0	0	0	0	0	0	0	0	0	0	0	0	0	0	0
9	0	0	0	0	0	0	0	0	0	0	0	0	0	0	0	0	0	0	0
10	0	0	0	0	0	0	0	0	0	0	0	0	0	0	0	0	0	0	0
11	0	0	0	0	0	0	0	0	0	0	0	0	0	0	0	0	0	0	0
12	0	0	0	0	0	0	0	0	0	0	0	0	0	0	0	0	0	0	0
13	0	0	0	0	0	0	0	0	0	0	0	0	0	0	0	0	0	0	0
14	0	0	0	0	0	0	0	0	0	0	0	0	0	0	0	0	0	0	0
15	0	0	0	0	0	0	0	0	0	0	0	0	0	0	0	0	0	0	0
16	0	0	0	0	0	0	0	0	0	0	0	0	0	0	0	0	0	0	0
17	2671749	280999	314438	255530	213704	249828	184885	216411	337698	236322	239687	250600	344339	242575	386583	330794	346642	262922	285660
18	2621070	274705	305720	252455	211835	248819	186750	221434	343538	241433	245744	242882	325821	232911	350386	322833	335318	254950	276094
19	2551869	271605	301836	251266	213651	244723	187037	216155	334947	235811	240336	238776	313316	235453	339537	309193	321318	243343	265130
20	2582448	280554	307763	258515	222740	252421	192753	221179	338509	236995	243626	243579	313059	249268	347011	308739	316645	244400	265804
21	2593041	283874	305912	258750	224296	251556	195263	229234	345530	241538	250827	244223	307585	260914	350590	308651	316476	245362	266764
22	2702158	295645	320285	271584	236472	266012	205338	242202	359722	251930	262958	255842	316112	276293	358408	318974	327364	253943	278334
23	2909621	321224	346286	293258	256182	288340	221886	261518	385026	267135	283866	277088	336777	301223	379213	343035	350327	272605	298314
24	3126760	345504	374335	320724	280746	318877	243441	282080	407589	285685	304772	299340	362301	332186	413097	365555	371179	292565	318521
25	3351080	368045	400562	340267	296956	341912	261088	303099	433137	306129	326176	323453	388551	351505	425807	394820	397501	313443	342186
26	3631380	397793	430415	368683	324120	377080	284303	327546	467921	329582	357190	350406	418808	387935	462594	430617	430794	344829	372957
27	3888708	422736	462876	399527	349997	411197	307689	347972	492803	349716	377906	377379	449438	405724	489660	465662	458645	366358	397566
28	4158114	445662	493353	419142	369574	441902	328429	371163	517898	371300	403871	404271	485362	426797	517710	503265	495238	397206	427320
29	4495266	481558	530732	447705	399690	486500	352009	396761	553224	396370	432734	434888	523623	452951	547505	550984	536996	431892	459130
30	4998876	529431	593553	493295	446395	549173	386209	431759	602463	432601	472743	483989	586865	491673	633046	621466	600177	479800	507527
31	5383146	560852	633669	514154	472727	603367	409990	462960	645279	469157	509840	517840	633340	490987	621496	677946	647893	522890	543355
32	5802147	599481	680846	542665	506045	666923	430085	491022	686330	498883	543578	556038	677463	507696	644950	744376	699668	572557	586629
33	6118496	628090	721589	567146	534493	719386	449329	511779	710320	525791	565513	583981	711235	520810	666323	793254	738862	608576	614238
34	6349042	643494	735567	575342	545894	749899	457871	536973	740478	555550	597202	603649	734407	522120	668157	831584	772991	634981	637877
35	6462606	652188	743574	584278	560633	775944	463502	548647	754129	568136	604541	611009	743076	531641	668284	846227	787812	651588	648095
36	6624894	667106	751752	596710	576740	799546	474254	571318	781752	592291	622407	623220	759021	553627	679298	862373	808806	665814	663014
37	6684371	675322	755669	604207	590495	808260	477411	581168	795021	603486	635142	625665	761190	569666	691280	868267	813809	671534	671648
38	6682406	680975	751438	617859	603126	818993	487225	582347	787313	602176	630133	627474	759828	594523	707175	862635	811403	675576	671902
39	6579881	667911	731275	606877	596919	805442	481485	585007	786345	602962	632358	616747	745762	602561	705570	842134	799258	666359	663191
40	6402634	648441	706753	593892	586424	787275	472004	579896	767355	594383	618946	601234	720976	602298	688961	813550	777154	645086	646605
41	6280497	640063	690624	586534	584364	774679	465560	576286	759012	588386	615148	589712	703871	601385	680497	787829	758421	633345	636851
42	6019239	608433	661257	561405	559967	740277	446190	559767	734308	572018	600523	567511	668989	594652	671379	755360	723337	613947	616283
43	5716198	575161	624952	533158	539641	701105	420637	539629	700716	549012	578593	541084	632400	575482	646748	716591	684560	583023	591355
44	5503023	553965	595548	514396	521440	676364	410780	527955	677680	536533	562745	521971	605265	556572	622245	683821	660454	569083	571787
45	5358595	542577	581106	516331	525110	661647	410729	520441	663736	530694	555521	507721	587782	570195	644101	656986	636599	554413	560699
46	5180273	526476	554696	503527	513268	632501	402370	516441	651063	524299	547239	487045	567205	573858	627656	626489	618357	534307	544038
47	4913383	498852	519696	483345	492445	600519	389365	499404	625146	507451	520415	462735	531142	565351	612202	587367	588522	511244	521776
48	4740759	487821	502728	475665	490278	578502	384043	486832	606616	491721	505491	444512	509149	575750	613801	558606	565993	493492	506723
49	4512572	468415	477577	460788	474807	546059	376200	473548	584679	476788	487153	421995	475749	579406	593877	527888	536662	473621	486710
50	4273433	444234	450259	440600	456949	517600	361739	454328	557765	458969	464416	400655	451891	554281	580271	490196	506505	450351	464320
51	4044748	417729	421556	425505	439741	487614	347647	439625	532860	444333	446482	380134	425099	550125	572392	459770	480361	430532	443855
52	3916699	408559	405931	414276	433366	466780	340647	430289	520035	435293	434794	368737	409094	560084	565328	444095	463179	420039	437678
53	3649676	378885	374375	385342	404454	432705	318840	410413	492007	414793	411900	343189	378973	519663	524898	405853	433276	393239	407470
54	3482696	358043	351940	372901	392181	414628	309845	398446	472090	402937	397317	327230	359331	517643	523631	388747	412241	382039	394324
55	3278315	336036	332109	350537	370017	383244	292821	381062	453294	383902	378127	307547	337247	486456	484785	359718	388058	354972	371446
56	3188208	335011	323795	349180	368781	373387	292449	371587	439983	377027	367206	299056	323389	500813	485457	345467	376533	346859	363032
57	2994794	312866	300470	333226	348250	349311	281885	355405	416572	357526	352611	283120	303200	486009	463164	320337	353513	328942	342813
58	2855723	299985	289096	320954	340063	332528	268619	339086	395725	340914	331957	268916	289487	465844	449939	304149	336751	314004	326906
59	2714087	285012	273940	305958	323736	313698	257191	325382	374194	327149	315625	256415	273864	446459	427231	286184	325398	299379	312788
60	2594982	276081	261203	299262	314500	302573	253485	314031	359817	313961	302151	245252	259820	440022	408260	269421	306784	287177	299815
61	2509974	263633	249527	284802	304466	290007	243867	307937	353101	309212	295593	235815	250647	433413	399301	259092	300215	278254	293354
62	2416186	254855	239453	276252	296055	277261	233235	296874	342186	297598	284573	226219	241877	407649	384233	249638	287823	269530	282041
63	2324265	244770	230510	266070	288110	271412	228623	286053	326302	288318	273642	218552	232278	402197	374193	239093	275295	258206	270490
64	2255890	235452	221842	260601	280721	258873	220795	282325	321716	284655	269948	210813	226288	392534	364035	231839	266742	254315	266208
65	2116417	219508	205853	241233	259369	239804	208906	269670	300852	270872	254675	199339	211064	367601	335136	214951	255376	237531	249665
66	2066827	213641	201087	235871	255045	233830	202507	262684	298348	265127	248834	195415	206444	354284	328735	209360	246018	231946	244620
67	1973378	203274	190878	226420	244742	224351	196072	252897	281299	254806	236696	186115	198065	348443	313821	198747	237752	222525	234418
68	1904588	196552	186210	222389	241972	218416	191714	242699	268177	243680	225250	181063	194888	336589	305163	188868	227715	213079	226302
69	1871324	195137	180757	215677	237783	213193	187739	240124	266748	241428	222025	176428	189300	332544	304239	187621	222016	210656	223267
70	1762130	180103	168502	203045	225319	202348	178666	229330	250378	232169	210998	167071	178994	320754	283912	173588	211816	200693	210937
71	1717455	174336	165012	196033	218362	194927	169228	223359	244390	226014	205876	161919	175035	301007	273918	170521	207956	195339	206771
72	1720783	177625	167523	208648	225228	197062	173365	218347	237744	221293	198094	165602	182811	327884	273335	168045	206024	191780	206412
73	1673449	174376	161421	197628	220012	192697	167585	215244	235287	217764	194244	157255	173588	306077	267331	164321	199260	189933	199686
74	1592914	162017	151431	184044	208125	182321	160034	207619	226819	211142	187985	149987	164152	289040	257061	156411	192157	182262	192167
75	1629363	170264	158995	199383	222572	191779	168042	204707	222699	208015	183349	155237	174074	317396	267316	157510	194098	181757	196044
76	1546030	157565	147317	180606	206648	180972	156410	202031	217101	204541	179476	143975	159224	283385	252589	151143	186702	177693	187506
77	1511043	152868	141707	177470	201114	172576	151561	198008	212278	202890	176283	143026	159239	285214	249602	147651	183690	174435	186132
78	1400412	139905	128049	159622	182237	159040	141383	189829	201307	191295	167033	131298	142652	259663	214023	135867	172465	161934	171805
79	1372481	136470	126937	156257	178484	155420	137400	185478	196630	187079	163201	127962	140222	251600	214255	132817	170545	158898	167523
80	1325483	130539	120074	148296	171506	147970	131971	181237	192232	184963	159925	123050	134491	240501	204360	129499	166391	156167	164307
81	1309503	128120	118066	146970	172021	149809	131249	178590	187776	180946	156251	121554	133844	236518	200148	127428	164316	153759	162127
82	1281129	127618	117662	146897	173677	149603	128680	172562	181606	175528	150935	118753	132469	236387	197773	123511	157345	149764	156255
83	1212445	120124	108614	137859	160991	141048	122380	165982	173369	168561	143259	113106	125984	218973	181794	116168	148050	140555	146710
84	1168290	114411	105154	132963	155342	135030	119469	161214	167088	162960	138978	109226	121674	214044	174234	111151	143342	134922	141852
85	1165016	113609	104565	131654	156416	137381	118021	158764	163597	160023	135461	108572	122449	211730	176529	111974	144105	135755	141220
86	1105591	107866	97753	124359	148051	126431	111821	154261	158660	156514	129882	102199	115826	201780	161000	104349	138246	130558	136148
87	1079033	105407	95892	120739	143604	123504	109421	150411	155502	151282	127490	99516	113047	201126	157374	101886	133868	126648	132832
88	1048006	101721	91910	117206	140111	119763	105653	147263	152552	148383	123766	96301	109451	194371	152549	99930	129115	123560	128608
89	1027102	98781	89857	113360	135487	115066	103772	145360	149700	146382	123108	94269	105912	192130	148982	97540	130617	123074	128400
90	1001676	97216	88177	111058	136203	115624	103378	140186	144083	142261	118512	91525	105198	188531	150680	94080	125587	120275	124810
91	956819	92218	83210	106536	128901	108561	97321	136758	139644	136664	113938	87486	99342	181437	138695	89565	120035	114339	118829
92	915415	87229	78433	99779	122001	103241	93145	132179	135063	132899	110018	83660	96152	175610	132407	85561	113897	109404	113295
93	899477	87434	77315	99364	123322	105535	91999	128140	130233	128422	106294	81964	94726	171289	131950	83604	110526	107819	109802
94	876057	83444	75244	96358	118747	100931	90120	125937	125624	127949	103893	80034	91657	167533	127509	81883	111303	105328	109362
95	823891	78299	69279	89951	111520	93755	84397	120841	119844	121495	97396	75543	86850	157031	112085	75634	103846	98316	101532
96	810131	76696	67595	88926	109544	92921	83956	119117	117757	120691	96450	73851	84924	158048	109709	74295	102975	97532	101561
97	783170	73471	65147	85819	105833	89835	80552	114583	112874	115683	92582	71937	82825	150102	104458	71267	101231	93341	97651
98	912442	82924	78070	122732	135564	112102	93202	117083	117462	118767	94278	92913	114497	215539	145196	82550	114841	105402	116002
99	745891	67907	61711	82085	101575	85006	76240	110462	107792	111781	88950	68397	79553	142634	100781	67610	97453	89962	93514
100	743834	68300	60989	81044	99936	84741	75288	110752	108503	110950	87955	67777	77220	144104	100209	68852	96700	90605	94789
101	718343	65914	58614	76733	97438	82071	72790	107026	106796	108710	86220	65166	76073	136462	95677	65767	90916	86335	90204
102	667419	60376	53374	71653	90848	76833	68490	101395	98689	102259	79712	60607	71978	127834	88736	59820	84347	80738	83124
103	674127	61833	54993	73795	93254	81379	71134	100123	96579	101917	78249	60994	72885	130784	95766	60303	85038	81219	83779
104	667763	60464	53806	71836	94932	85674	71036	98051	92326	99508	77002	60625	74127	129609	104955	58568	84122	81211	82208
105	652975	59790	52361	69499	88659	81337	66525	96794	93751	97687	75909	58621	69291	123617	89331	57924	83106	77892	80954
106	599556	54196	48437	64147	82405	71884	62372	90159	84809	91191	70748	54610	65416	115034	79319	53311	76734	71950	74660
107	587499	52396	46385	62855	80449	69415	60109	89578	85526	91764	69824	52956	63445	111205	76842	52266	75532	71971	74110
108	581283	52555	46408	62232	79768	69740	60316	87289	82936	88805	67642	52550	63355	110121	72065	50816	75634	70307	71517
109	577713	52796	48113	62549	78306	67146	59559	85508	81856	87596	66555	51931	60865	109770	69811	50886	78612	70287	72092
110	604727	54646	48933	65085	84186	73707	63142	88503	83771	92011	69054	54563	65000	114736	79307	54104	81500	75604	76795
111	572712	50029	44135	59948	80738	71063	59239	85677	79832	87358	65804	51567	65589	108323	84745	52397	72423	71451	73070
112	516642	44070	39282	52799	69619	61650	52525	81183	75339	81960	60942	46304	55568	96978	62730	45727	67519	62954	64847
113	518589	46069	40740	55902	72058	61725	52406	78822	73688	80088	59695	46959	56509	99180	63114	46106	67971	63858	64874
114	501074	42932	38599	53315	69065	59996	51872	76821	71842	77819	58761	45273	54898	93270	60037	44309	66404	61211	62530
115	481537	40913	36166	51056	65698	57824	49904	74860	68438	75496	55198	43798	52997	91006	54769	42448	64093	58745	60296
116	476007	40555	35920	50497	63287	56103	49821	74393	66839	74661	54259	42800	50567	91738	51296	41506	67324	58352	59974
117	451740	38723	35103	47378	62025	52354	46510	70143	64319	71448	52623	40870	48802	88145	53782	39573	61853	56821	57342
118	469903	40825	37611	52096	65447	53981	47949	71812	65856	73402	53321	42293	51472	90241	65340	41891	64162	59491	60495
119	523952	45132	46879	66205	68426	57372	55250	73186	68062	77951	56025	48349	57128	101631	78010	46603	81241	69576	71184
120	516801	44018	46254	68141	65764	54490	56342	70782	65141	76912	54783	48730	56073	99958	74653	46301	85012	70999	71454
121	410577	34049	32150	43738	56985	47213	42431	63988	57194	65161	46292	37536	46912	78894	61406	35395	56140	50810	51798
122	389950	31984	29232	40948	54220	44391	39519	62583	55447	63181	44965	35583	43943	75942	51664	34056	52731	49190	49539
123	398434	33506	30046	40842	55832	45810	40114	63588	57051	64191	45529	35800	43548	76385	50108	34808	54277	50251	50796
124	392661	32815	29410	40392	55256	44536	39507	63063	57064	63153	45612	34827	42831	74504	48920	35095	53020	49508	50571
125	387389	31727	28444	39762	55100	45092	39813	62379	55330	62163	45212	34965	42767	75042	51947	34566	52119	49355	50676
126	370214	30961	27620	38591	51827	41358	37035	59956	53079	59990	42320	33782	39992	69786	43690	32429	51037	46442	46746
127	340857	27061	24565	34618	46689	38849	35336	57066	50063	57111	39833	30783	36955	65689	36744	29574	45941	42981	43667
128	322395	25519	23050	32355	44899	35990	32914	54816	47178	55356	38062	28740	35349	61711	35353	28165	43588	41370	41437
129	327659	26097	23591	33919	45274	36869	33454	54981	46772	54180	37862	29760	35838	63579	36194	28478	45273	41725	42376
130	313279	24361	22620	31466	43240	34719	32077	52929	45458	52835	36509	28357	34392	59396	33647	26976	43467	39490	40133
131	324216	25671	23381	33990	46611	38240	33399	53179	45402	52454	36434	29265	36523	62261	40423	28497	44058	42296	41483
132	395559	35906	30115	44963	62813	51493	38914	57143	51288	54232	40319	35039	49708	74401	72759	36566	48301	53296	49511
133	301967	23072	21172	30713	41562	33289	30358	51368	44528	51097	35527	27038	33248	58900	33534	26342	41910	39895	39151
134	290506	22284	20824	30085	40062	32993	30114	48326	40939	47681	33118	26716	31597	55749	29241	25222	41605	36699	37250
135	324538	25421	23906	35740	46219	37515	32681	52116	45356	50914	35374	29636	35405	59837	36524	27908	47275	41715	41429
136	318069	26265	25275	35391	45175	36605	31090	50228	44106	49543	34929	27244	35693	61324	39868	27610	45043	41286	40935
137	270781	21421	19308	28302	37523	30418	27771	46311	39422	46094	31223	23680	29785	54284	28300	23104	37332	35192	35136
138	272243	20793	18784	28571	38986	31825	27488	46482	38853	46020	31559	24514	31070	52697	32396	23705	36217	35980	35348
139	248280	19243	17030	25207	34545	27883	25355	43355	35798	43114	28847	22194	27562	49576	24313	21326	33889	32408	31722
140	263581	20020	17076	25382	36092	29102	25728	47295	40144	45952	32660	22483	28870	51230	29044	23916	34675	35808	35469
141	236927	17690	15858	23689	32803	26875	24325	42345	34387	41924	27479	20972	26237	49133	22026	20097	32466	30890	30318
142	232685	17418	15175	23040	32420	26548	23459	41035	33665	40374	27293	20547	26036	47135	23711	19852	32409	30708	30255
143	240350	18185	16301	25664	33614	26970	25215	41193	33662	41329	26917	20374	26396	48368	21396	20928	36341	31466	31327
144	227454	16762	14433	22395	32741	26331	22833	41040	32972	40062	26330	19477	25991	45559	25353	19275	31173	30258	29730
145	218754	16682	14606	22510	30096	23782	21910	39026	31969	39336	25506	18896	23997	43045	20196	18632	31164	28297	28421
146	222604	17040	14925	23543	31934	26921	22868	38893	31134	38081	24461	19092	25357	43901	21782	18843	30399	28799	28477
147	205833	15485	13640	21054	28458	22994	20831	36541	29857	36178	23341	17894	22944	41708	18217	17119	29359	27371	26203
148	199348	14773	12987	20411	27888	21709	20265	35651	28671	35827	22862	17578	22127	39831	18003	16784	29068	26135	25571
149	192691	14818	12951	20132	27219	21431	20007	34264	27127	34581	21805	16910	21282	38555	17225	15954	27954	25336	24908
150	192819	15251	13103	20950	26850	21264	20093	33664	27394	34154	21591	17254	21217	42677	17211	16341	27331	25210	24649
151	184712	14321	12329	19081	25659	20440	18835	32494	26476	32939	20648	16071	20904	38195	18043	15436	26241	24254	23400
152	190720	14940	12647	20171	27158	21462	19646	33890	27250	33165	21013	16641	21285	38553	19507	15848	26757	25206	24662
153	188054	15247	12858	21172	26710	20695	19681	32044	26150	32147	20489	16793	21095	42657	17709	15834	27338	24888	24195
154	206209	16709	15494	26582	28823	22427	21256	33039	27320	33764	21444	17266	21208	47747	16450	17243	35503	27248	26748
155	244865	19924	20747	40222	34198	26371	25863	34516	28077	36288	22807	20217	22311	62933	16279	20632	52070	33733	32410
156	199685	15910	15102	26624	28694	23389	20494	31955	26376	32375	20546	17217	20789	44011	19909	16511	32436	26755	25305
157	167629	12533	11268	18111	23314	18362	16935	29406	24394	29586	18364	14583	18540	33759	14486	13972	24571	21967	21057
158	180881	14514	13089	20833	26036	20010	17983	29696	24872	29638	18973	15500	19764	36383	18177	15500	27936	24184	23538
159	175167	13858	11813	19613	25764	20365	17385	29549	24127	28790	18732	15307	20447	33859	20979	15300	24401	23470	22150
160	190202	15546	13829	23270	27589	22434	18987	30465	24265	29760	19379	17378	21822	37492	24533	16438	28025	25510	24146
161	173740	13530	12144	21288	25466	20807	17724	28837	22893	28240	17566	15520	20185	33883	21302	14727	25097	22979	21592
162	149982	11599	10480	16967	22405	17469	15239	25868	19827	25929	15672	13531	17340	29076	15862	12523	21345	19958	18815
163	169853	13717	12420	23788	25678	21477	19198	26923	20564	27416	16022	15471	19814	34474	16407	14028	25439	21958	20679
164	236582	21587	18968	32085	35779	32273	22859	31249	26500	28333	20633	22375	31251	43960	49148	23992	28387	34581	30896
165	143209	11048	9342	14850	19990	15795	14030	25389	20375	25358	15672	12116	16221	27295	15295	12796	20127	19487	18576
166	142784	10596	8921	14573	19793	15970	14150	25563	20509	24978	15586	12410	16218	28763	14852	12569	20028	19621	18583
167	154980	12720	10728	18122	24442	19703	16056	25704	20489	24458	16053	13506	18567	30741	22833	13797	19766	21420	19498
168	126639	9216	8157	13184	18263	15084	12944	22841	17424	22711	13701	10791	14365	25408	13139	10467	18294	16697	16082
169	120507	8667	7552	12507	17339	13143	12176	22121	16735	22793	13018	10463	13431	23637	10065	9681	18714	16153	15257
170	118186	8627	7318	11921	16957	13128	12142	21947	16483	22055	12803	10361	13585	23783	9986	9538	17199	15995	15267
171	120720	9035	7709	12387	17263	13369	11671	22295	17007	22044	13111	10216	13466	24000	13025	10302	17321	16814	15756
172	118297	8786	7596	12042	17325	12923	11583	21687	17251	22026	12665	9787	13290	22414	10684	9859	17118	15556	15107
173	124006	9622	7682	13695	19269	15125	12627	21646	17018	21301	13054	10522	14785	24942	18027	10839	16767	17396	15636
174	113612	7919	6525	11092	15729	12472	10930	21877	16249	20845	12604	9488	13076	22711	12559	9670	16336	15672	14991
175	102370	6891	6129	9818	14117	10871	10076	19705	14325	20183	11155	8860	11289	20222	6859	8317	15983	13611	13323
176	100486	6865	5970	9694	14145	10796	10059	19009	13905	19406	10741	8512	11190	19868	7216	8102	16137	13574	13051
177	111459	8575	7000	13018	17878	14000	11651	19281	14084	19219	10930	9713	13647	22771	14723	9287	15872	15345	13830
178	141911	12977	9379	19393	26231	20420	14948	21052	16117	19494	12293	12741	20096	28043	29254	12171	16958	20520	16164
179	108960	7846	6772	12272	16551	12326	10621	19218	14338	19055	10914	9555	12535	21647	12327	9182	17188	15851	14075
180	95666	6166	5710	9514	13204	10046	9747	18000	13211	19007	10232	8392	10312	19359	5614	7929	15900	13148	12802
181	93157	6148	5513	9689	12837	10045	9596	17488	12100	17712	9722	8351	10339	18716	5596	7579	15594	12864	12337
182	91921	5957	5357	9399	12654	9508	9574	17651	12310	17973	9889	8065	9973	18853	5425	7472	15628	12911	12338
183	92570	6982	5658	9971	13253	10075	9118	16756	12286	17142	9681	8022	10442	17962	6207	7640	14709	12607	11808
184	90621	6379	5280	9605	12618	9888	9267	16754	12202	16839	9217	7547	10349	18059	6440	7426	14796	12770	11906
185	87993	5982	5131	9690	12483	9302	9018	16595	11734	16525	9207	7617	9731	17938	6187	6973	14928	12588	11638
186	92609	6223	5713	10350	12623	9380	9847	16761	11894	17851	9420	7804	9558	19985	5217	7414	17862	12963	12764
187	93500	6583	5506	11306	13382	9891	10168	17206	12052	17939	9382	7738	9981	21585	6121	7353	17190	13739	12637
188	83617	6107	4494	9276	12922	9594	8216	15552	11384	15698	8421	6942	10130	16151	7884	6588	12826	12230	10483
189	111045	11908	6499	16502	22109	15860	9639	17262	14346	15230	9232	8234	16127	19341	17752	8646	12163	17217	10597
190	109791	9880	4937	13790	18918	13758	8693	18207	16008	14761	9561	8287	17450	20504	20249	9268	11996	22252	10396
191	79563	5101	3990	7684	11089	8219	7523	15918	12507	14591	8389	6319	9390	15051	6741	6586	11533	12756	9847
192	74064	4735	3987	7284	10380	7750	7100	14736	10844	14341	7859	6168	8684	14683	5545	5815	11345	11480	9553
193	69548	4550	3858	6886	9739	7462	7042	13573	9187	13960	7136	5972	7821	14189	4079	5548	11577	9642	8994
194	71147	4456	4264	7120	9967	7423	7091	13586	9420	13780	7325	6056	7709	14348	3844	5779	12454	10042	9612
195	68372	4679	3758	7454	10273	7728	6875	12970	8604	13521	6837	5902	8014	13543	4664	5337	11380	9602	8723
196	82731	6246	4630	9946	12839	9381	7830	14604	11365	13490	7660	6902	10282	16229	8388	6592	12729	13169	9697
197	67598	4392	3740	7100	9810	7655	6862	12866	9114	12601	6832	5774	7992	13364	5350	5245	10820	10216	8540
198	63457	4306	3559	6884	9290	6949	6362	12190	8291	12682	6397	5661	7376	12514	4141	4957	10168	8796	8358
199	60326	3890	3313	6318	8445	6625	6232	11762	7694	12141	6195	5147	6740	12387	3049	4740	10415	8474	8094
200	63004	4071	3481	6608	9086	7006	6547	12269	8313	12533	6514	5552	6894	12606	3604	5195	10223	8774	8378
201	59555	4019	3399	6293	8628	6826	6296	11495	7617	11908	6057	5108	6860	12572	3885	4662	9569	8426	7838
202	89079	9531	4395	13929	20660	13765	9040	12911	10051	11707	6672	7177	15312	17034	15507	6345	9592	15374	7969
203	59614	3902	3332	6962	8963	7201	5984	11546	7570	11812	5926	5134	6915	11549	4102	4618	9396	8310	7625
204	54690	3613	3098	6197	8174	5966	5275	10947	7182	11292	5522	4548	6371	11013	4232	4144	8821	7746	7232
205	52093	3458	2840	5800	7550	5523	5030	10549	6729	10834	5306	4415	6232	10342	4374	3955	8392	7211	6751
206	50228	3031	2729	5006	6957	5315	4918	10361	6908	10738	5254	4451	5343	10284	3068	3837	8253	6869	6629
207	51663	3115	2943	5217	7086	5081	5064	10500	6796	10848	5335	4444	5450	10618	2664	4009	9325	7450	7054
208	52994	3450	2678	5649	7744	5454	4925	10472	7639	10449	5275	4328	6458	10181	3756	4229	8286	8355	6651
209	46577	2777	2609	4320	6152	4674	4546	9827	6244	10229	5045	3898	5163	9290	2340	3656	7729	6491	6255
210	44374	2403	2477	4041	5717	4278	4300	9581	5992	10090	4930	3581	4774	9006	1898	3431	7857	6383	6091
211	47412	3214	2420	5299	6587	4880	4692	9553	6449	9859	4863	3783	5784	9226	2374	3681	7648	6974	5980
212	42577	2532	2274	4100	5685	4249	4427	9014	5702	9394	4614	3534	4667	8815	1735	3387	7218	5894	5736
213	43673	2355	2352	4077	5792	4344	4456	9287	5875	9816	4517	3631	4717	8958	1799	3401	7711	6120	5988
214	41432	2374	2147	3970	5396	4117	4223	8786	5315	9434	4329	3451	4581	8461	1637	3230	7431	5612	5524
215	46821	2798	2613	4752	5954	4573	5084	9222	5791	9649	4574	3979	4906	10913	1584	3795	9144	6486	6455
216	45843	2836	2666	5538	5947	4384	4734	9041	5549	9807	4444	3582	4831	9990	1669	3827	9127	6790	6413
217	38229	2311	1902	3767	4910	3666	3718	8277	4930	8632	4016	3100	4702	7389	1551	2964	6377	5281	5216
218	38903	2696	1865	4684	5303	3856	3759	8122	4888	8629	3875	3042	5323	7542	1623	2968	6143	5444	5183
219	37347	2248	1865	3921	4980	3690	3431	7816	4797	8274	3732	2999	4664	7662	1509	2926	6342	5236	4961
220	41520	3015	1956	5308	5281	4151	3580	8174	5225	8632	3822	3139	6711	7636	1710	2919	6230	5972	5267
221	37334	2428	1868	4229	4773	3547	3585	7717	4568	7991	3626	2958	5064	7740	1378	2900	6284	5140	5005
222	39433	2434	2063	4110	5129	3673	3613	7989	5160	8733	4065	3199	4640	8157	1269	3056	7219	5488	5340
223	38320	2996	1666	4747	4607	3587	3320	7316	4321	7800	3474	2770	6870	7131	1419	2670	6124	5312	4594
224	34084	1897	1653	3197	4382	3253	3275	7561	4141	7950	3540	2765	3916	7182	1105	2678	6220	4588	4644
225	32939	1792	1705	3144	4448	3266	3287	7086	4131	7358	3378	2788	3345	7113	1104	2635	6191	4724	4530
226	32598	1806	1671	2960	4255	3110	3191	7097	4199	7639	3203	2713	3400	6649	1103	2632	5970	4438	4569
227	34009	1811	1769	3297	4455	3232	3333	7293	4023	7650	3402	2926	3396	7053	1013	2642	6917	4854	4977
228	30724	1519	1644	2874	3965	2942	2966	6567	3841	7310	3184	2697	3170	6424	1059	2465	5879	4569	4614
229	31056	1669	1611	2943	3986	2992	3045	6802	3865	7353	3150	2571	3235	6415	1055	2459	5852	4542	4404
230	31460	1500	1599	3069	3890	2898	3122	6892	3891	7496	3249	2698	3073	6435	958	2482	6427	4605	4666
231	28107	1318	1471	2496	3571	2630	2843	6256	3400	6543	2910	2446	2688	5889	760	2191	5707	4157	4092
232	27632	1341	1466	2335	3654	2596	2766	6122	3422	6613	2775	2423	2786	5745	836	2161	5315	3961	4018
233	28030	1316	1425	2603	3688	2642	2761	6081	3647	6640	2864	2431	2903	5709	831	2261	5324	4113	3946
234	28579	1386	1502	2733	3658	2567	2828	6171	3739	6548	2860	2462	2683	6056	773	2279	5790	4211	4219
235	28053	1340	1529	2750	3664	2656	2876	5919	3318	6148	2750	2463	2823	5647	811	2219	5786	4091	3984
236	26975	1212	1453	2569	3473	2482	2819	5750	3232	6091	2678	2419	2616	5742	748	2188	5623	4031	3801
237	26081	1237	1381	2494	3409	2367	2691	5725	3007	5846	2508	2274	2520	5479	810	2148	5422	3836	3715
238	34301	1427	2212	3788	4553	2899	3418	6122	3258	6519	2885	3430	2789	7008	724	2731	9433	5412	5383
239	26944	1257	1476	2832	3540	2709	2841	5493	3157	5707	2545	2461	2416	5709	679	2140	5835	3933	3786
240	26377	1207	1514	2727	3498	2742	2758	5416	3152	5646	2419	2352	2518	5100	757	2053	5423	3674	3625
241	26373	1176	1407	2689	3393	2628	2746	5412	3220	5693	2469	2315	2592	4777	655	2114	5509	3757	3657
242	22819	1029	1156	2047	2935	2166	2312	5058	2625	5423	2171	2018	2203	4439	677	1853	4711	3407	3275
243	22288	1058	1198	2122	3053	2262	2277	4844	2676	5182	2175	1968	2144	4438	660	1758	4380	3407	3054
244	21525	994	1054	1886	2667	2205	2181	4779	2479	5054	2215	1899	2001	4125	591	1687	4427	3118	3005
245	20949	1027	1019	1752	2808	2168	2179	4724	2465	5124	1967	1785	2015	4166	651	1678	4068	3128	2946
246	20440	948	1012	1773	2679	1988	2005	4556	2686	4902	2014	1744	2126	4104	637	1548	3832	3039	2863
247	19724	866	997	1720	2643	1960	2085	4407	2465	4772	1860	1774	1989	3905	573	1537	3729	2836	2753
248	19723	951	1019	1701	2610	1825	1966	4621	2545	4789	2074	1696	1908	4009	545	1495	3663	2801	2776
249	18608	856	892	1580	2339	1762	1795	4282	2391	4661	1954	1618	1863	3851	547	1485	3459	2695	2663
250	19199	860	945	1515	2628	1951	1789	4294	2679	4414	1974	1708	2086	3845	535	1441	3235	2693	2770
251	17711	803	772	1610	2322	1581	1695	4372	2356	4401	1714	1416	1802	3786	519	1356	3253	2597	2555
252	17040	769	802	1407	2234	1663	1668	4121	2201	4317	1761	1356	1701	3607	525	1392	3035	2623	2570
253	17050	786	807	1476	2270	1517	1702	4103	2232	4455	1797	1396	1661	3676	509	1385	3163	2467	2440
254	16316	740	810	1306	2009	1526	1644	3961	1987	4179	1601	1331	1660	3375	543	1267	3034	2390	2297
255	16009	764	778	1381	2099	1459	1601	3873	2116	4085	1570	1384	1491	3345	455	1294	2850	2299	2350
256	14978	721	779	1229	1900	1422	1536	3479	1880	3898	1629	1288	1443	3118	468	1259	2707	2157	2184
257	15724	760	718	1353	2106	1511	1583	3681	2072	3993	1568	1251	1575	3227	519	1289	2867	2361	2263
258	15515	679	733	1273	1967	1414	1532	3883	2019	4193	1600	1311	1493	3162	472	1190	2793	2322	2293
259	15685	726	810	1375	2087	1437	1603	3640	1957	3916	1579	1390	1500	3106	490	1200	3025	2439	2321
260	15062	661	727	1244	1840	1450	1352	3588	1921	3855	1485	1238	1443	3024	454	1276	2758	2118	2154
261	14439	650	708	1190	1797	1407	1416	3531	1962	3754	1420	1140	1301	3041	465	1146	2594	2145	2049
262	14294	609	670	1205	1799	1379	1449	3464	1839	3739	1449	1168	1425	2941	430	1093	2647	2023	2259
263	13944	623	715	1221	1678	1271	1312	3389	1701	3492	1460	1256	1312	2822	424	1047	2630	2045	1973
264	13764	641	626	1188	1749	1263	1375	3419	1711	3482	1431	1157	1290	2947	462	1098	2559	1973	2001
265	13894	679	677	1149	1762	1278	1361	3396	1769	3645	1405	1174	1225	2841	413	1150	2546	2000	2010
266	12895	557	640	1059	1714	1250	1349	3178	1568	3551	1373	1104	1244	2784	370	1039	2315	1899	1842
267	13130	557	658	1135	1702	1285	1280	3175	1653	3466	1297	1103	1236	2953	364	1022	2441	2047	1851
268	12331	566	573	984	1518	1111	1318	3116	1526	3361	1175	1024	1112	2656	350	966	2337	1907	1810
269	12430	514	579	1063	1625	1198	1271	3068	1523	3261	1326	1055	1142	2746	389	1030	2321	1927	1895
270	12356	591	574	1080	1559	1230	1275	2921	1452	3174	1203	1051	1205	2592	346	933	2399	1767	1855
271	12105	555	597	994	1543	1149	1146	2867	1485	3124	1096	1032	1204	2475	359	947	2269	1757	1697
272	12059	562	630	988	1509	1110	1192	2885	1562	3156	1164	1018	1103	2535	357	943	2246	1760	1733
273	11450	530	570	1012	1407	1034	1185	2803	1415	3033	1152	966	1063	2454	365	909	2160	1759	1682
274	11107	557	537	954	1424	1005	1109	2641	1432	2948	1188	981	1047	2387	324	912	1995	1693	1572
275	11209	520	545	949	1434	907	1101	2815	1370	3004	1153	964	1086	2238	350	860	2142	1705	1716
276	10724	450	550	913	1288	920	1093	2605	1344	2896	1085	924	966	2275	410	895	2070	1626	1465
277	11017	494	532	852	1376	1025	1098	2680	1429	3001	1079	926	1025	2316	342	879	2027	1610	1664
278	10721	464	532	935	1354	934	1021	2627	1325	2967	1076	897	975	2247	352	898	2069	1620	1586
279	10368	447	511	890	1250	963	1042	2547	1294	2731	1097	869	982	2184	326	802	1953	1504	1495
280	10318	473	505	856	1315	895	1034	2530	1245	2857	1055	854	1052	2161	359	879	1885	1506	1453
281	9922	468	456	870	1205	847	966	2481	1208	2634	962	859	936	2120	347	811	1856	1562	1502
282	10017	465	497	862	1297	875	1018	2407	1322	2574	985	838	954	2067	379	802	1857	1415	1504
283	9764	460	525	864	1187	859	941	2328	1195	2584	988	797	915	2055	347	836	1849	1469	1417
284	9590	452	439	797	1198	856	967	2360	1263	2578	1011	827	865	2147	343	815	1713	1389	1430
285	9672	458	493	853	1224	828	893	2389	1140	2520	968	829	930	2001	335	807	1798	1413	1358
286	9533	473	514	771	1141	848	897	2274	1141	2426	945	834	836	1916	351	787	1826	1375	1381
287	9791	466	495	852	1234	777	964	2384	1276	2559	982	813	912	2045	384	811	1857	1468	1331
288	9975	472	542	924	1167	819	955	2343	1186	2486	1036	880	893	2048	387	851	1989	1476	1468
289	9412	446	546	804	1096	855	835	2209	1182	2374	983	809	840	1910	401	759	1766	1416	1321
290	9352	461	448	845	1124	846	917	2198	1215	2442	1028	779	867	1915	414	806	1732	1277	1329
291	9014	443	502	832	1130	839	892	2129	1139	2401	938	759	772	1775	386	708	1723	1317	1261
292	8918	441	494	737	1080	764	862	2203	1168	2311	997	725	815	1873	375	707	1601	1390	1234
293	9420	437	459	773	1118	726	887	2328	1227	2442	979	793	894	1748	384	728	1828	1414	1376
294	9034	480	557	789	1102	818	906	2056	1161	2202	936	810	814	1773	386	672	1666	1329	1289
295	8857	488	485	751	1043	773	875	2036	1141	2247	918	749	815	1745	372	761	1609	1338	1271
296	9138	488	535	828	1029	793	845	2111	1160	2294	963	774	872	1801	397	722	1683	1283	1296
297	9170	448	572	812	1136	748	869	2108	1178	2299	899	797	860	1877	423	712	1747	1331	1359
298	12265	538	704	1634	1729	1180	1438	2445	1263	2731	1127	1118	1221	2961	423	1109	2687	2465	1878
299	10211	501	574	1081	1234	955	1099	2231	1236	2357	960	933	956	2178	457	841	1984	1627	1490
300	9137	489	494	923	1181	786	905	2073	1220	2270	975	833	907	1855	405	771	1564	1407	1239
301	8879	484	536	776	1119	748	823	1978	1194	2120	953	756	773	1738	427	773	1637	1277	1249
302	8706	498	496	784	1015	776	866	2029	1094	2129	971	753	756	1669	410	716	1588	1238	1286
303	8640	432	523	836	1121	782	851	1951	1153	2072	887	792	746	1635	485	718	1543	1222	1233
304	8837	521	492	764	1018	742	794	1970	1126	2060	973	791	793	1695	454	740	1662	1235	1255
305	8414	473	504	740	953	700	749	1918	1149	2051	982	718	826	1640	467	621	1505	1180	1221
306	8580	516	499	738	901	705	829	1798	1131	1991	948	755	819	1621	470	741	1616	1210	1152
307	8730	472	564	716	1001	731	821	1787	1246	1974	966	785	836	1641	445	756	1553	1123	1199
308	8781	520	579	735	985	774	833	1916	1167	1973	955	788	814	1738	545	747	1476	1223	1139
309	8877	489	626	797	978	790	824	1894	1245	2011	988	752	829	1578	514	760	1492	1223	1266
310	9100	540	570	813	1035	753	796	1967	1173	2019	1078	806	854	1613	534	800	1637	1238	1283
311	9462	581	666	829	1110	810	768	1930	1332	2128	1056	886	884	1619	593	799	1574	1302	1310
312	10068	566	698	1023	1216	862	889	1996	1295	2102	1065	925	955	1867	708	898	1873	1414	1358
313	10026	647	719	986	1133	840	957	1930	1332	2040	1076	860	953	1843	751	976	1769	1333	1377
314	10719	722	755	1002	1171	892	960	2038	1408	2212	1229	921	982	1712	832	1047	1954	1432	1395
315	10952	740	771	1034	1165	953	1024	2041	1441	2303	1240	1011	1084	1893	906	1027	1884	1554	1497
316	10899	762	789	969	1108	887	942	2060	1515	2251	1322	1051	1020	1808	950	1001	1814	1469	1448
317	11260	824	880	996	1161	984	1026	2066	1540	2094	1354	967	1046	1841	999	1080	1873	1567	1466
318	11535	831	855	1078	1205	961	1016	2009	1659	2298	1391	1039	1177	1988	1078	1098	1906	1438	1482
319	11626	901	868	1063	1188	1016	1024	2110	1612	2268	1427	1035	1129	1872	1090	1023	1932	1511	1428
320	12007	954	946	1088	1222	950	1006	2109	1707	2140	1491	1107	1204	1907	1114	1122	1908	1527	1536
321	12534	988	995	1083	1292	1040	1069	2166	1796	2312	1492	1141	1247	1963	1171	1174	1987	1531	1481
322	12503	1004	1000	1107	1282	1117	1073	2149	1803	2254	1570	1087	1198	1967	1146	1190	1955	1548	1564
323	12865	1012	1063	1147	1290	1071	1079	2114	1895	2342	1558	1148	1268	1897	1256	1300	1994	1519	1539
324	13522	1031	1116	1340	1450	1133	1222	2208	1966	2437	1672	1232	1370	2113	1281	1278	2188	1723	1747
325	13402	1112	1073	1207	1342	1198	1146	2225	1974	2346	1771	1204	1246	1956	1297	1330	2040	1531	1660
326	13966	1152	1162	1228	1336	1197	1231	2357	2147	2430	1737	1281	1301	2117	1329	1305	2064	1667	1672
327	13205	1048	1133	1204	1346	1191	1157	2122	1918	2279	1714	1250	1258	2090	1332	1297	1988	1504	1596
328	13458	1049	1089	1160	1374	1192	1215	2132	2050	2269	1789	1252	1313	2034	1420	1294	2087	1608	1632
329	13570	1095	1115	1203	1377	1254	1222	2160	2052	2394	1712	1249	1284	1996	1349	1324	2037	1684	1561
330	13593	1163	1140	1280	1356	1237	1187	2110	2096	2360	1701	1251	1214	2082	1351	1284	2098	1606	1606
331	13216	1119	1084	1173	1403	1227	1148	2120	1996	2193	1699	1188	1220	1983	1352	1277	1985	1521	1537
332	13369	1169	1104	1258	1339	1148	1163	2254	1961	2268	1787	1260	1272	1956	1395	1280	1921	1526	1545
333	12607	1096	1080	1188	1260	1069	1137	2039	1945	2232	1712	1145	1220	1876	1363	1186	1827	1403	1550
334	12625	1067	1091	1077	1291	1131	1136	2064	1919	2082	1680	1131	1192	1829	1239	1220	1810	1445	1485
335	12543	1091	1131	1070	1202	1072	1100	1957	1892	2149	1758	1141	1198	1846	1324	1215	1846	1472	1481
336	12414	1017	1088	1108	1285	1120	1086	1954	1959	2087	1658	1142	1213	1802	1314	1207	1714	1438	1408
337	12067	1034	1061	1096	1246	1030	1026	1881	1854	2116	1708	1110	1178	1800	1268	1163	1756	1413	1399
338	11733	1030	976	1052	1180	1025	1093	1849	1798	2172	1625	1033	1140	1796	1236	1139	1743	1407	1370
339	11868	990	1012	1002	1182	1079	1049	1853	1803	1991	1550	1132	1114	1668	1173	1150	1735	1430	1426
340	11398	969	965	1081	1188	1050	1002	1822	1764	2137	1598	954	1073	1708	1146	1158	1643	1348	1322
341	11174	1005	913	979	1154	976	1020	1835	1693	2044	1517	1021	1059	1599	1089	1067	1605	1351	1309
342	10677	866	902	1023	1095	923	961	1750	1614	1845	1440	984	1051	1541	1080	1022	1565	1225	1284
343	10504	912	913	904	1089	902	952	1715	1619	1826	1397	957	985	1570	1073	964	1537	1221	1210
344	10441	885	914	937	1038	920	903	1770	1600	1823	1357	919	1014	1582	1031	919	1500	1171	1199
345	10109	855	869	887	1024	872	908	1681	1551	1750	1344	895	951	1474	973	958	1477	1175	1111
346	9583	856	814	855	958	852	840	1604	1427	1638	1317	883	864	1491	967	942	1341	1129	1090
347	9335	786	786	835	976	873	821	1583	1404	1619	1245	848	844	1452	944	864	1347	1064	1115
348	9299	770	796	798	965	821	815	1566	1414	1687	1176	834	901	1386	882	881	1316	1071	1001
349	8536	717	654	803	883	781	775	1455	1392	1522	1124	755	758	1371	838	831	1193	1057	1003
350	8553	727	707	811	853	724	724	1408	1233	1579	1129	805	765	1358	822	826	1358	999	1008
351	8616	746	701	706	899	756	782	1434	1272	1488	1144	744	795	1324	865	805	1363	1018	1008
352	8051	683	661	755	855	723	708	1309	1204	1431	1040	737	731	1210	756	791	1212	909	927
353	7705	670	617	666	773	671	667	1272	1135	1386	1013	736	713	1233	750	754	1137	933	882
354	7676	633	623	705	880	675	667	1335	1164	1379	952	726	661	1192	690	713	1146	941	891
355	7331	576	588	679	716	649	641	1217	1052	1398	941	688	733	1096	776	690	1138	889	875
356	6993	560	560	628	745	608	616	1217	975	1363	882	666	642	1084	688	637	1128	853	854
357	7274	604	600	680	734	643	681	1236	1069	1284	869	678	664	1100	738	678	1102	888	899
358	6903	579	610	632	677	542	580	1148	902	1325	865	701	698	1071	682	622	1101	859	810
359	6846	528	613	675	704	589	636	1109	950	1300	863	616	654	1095	664	684	1103	839	811
360	6921	484	541	673	748	614	587	1134	1010	1230	820	618	614	1123	616	693	1213	861	958
361	6545	483	555	605	716	571	590	1044	895	1228	771	606	576	1070	605	651	1164	858	846
362	6059	486	497	536	686	551	517	1025	889	1167	803	526	568	965	612	548	969	762	765
363	5880	457	467	515	599	511	557	1088	822	1114	754	528	543	966	522	559	905	717	756
364	5984	421	481	545	568	483	554	1022	875	1069	757	562	561	987	516	569	1010	758	771
365	5588	389	443	492	567	453	495	1009	787	1056	664	493	548	904	505	526	940	681	688
366	5396	431	437	538	550	440	475	900	774	1036	646	550	512	934	497	474	878	689	655
367	5405	371	445	545	531	457	458	1003	715	1038	697	503	502	872	464	502	907	710	685
368	5752	412	485	603	668	483	556	1001	744	1048	640	533	517	971	478	538	1039	748	722
369	5294	392	437	493	541	429	505	937	764	995	660	475	477	866	492	500	883	690	723
370	5103	405	434	531	572	494	464	904	675	946	684	460	483	849	469	447	801	673	668
371	5475	381	457	551	566	410	525	947	725	1013	671	556	467	832	433	552	980	673	690
372	4889	360	413	485	511	437	448	822	656	923	616	502	443	804	458	455	801	647	610
373	4908	356	385	460	523	443	457	829	664	958	597	477	474	748	426	487	793	685	620
374	5008	375	381	513	546	428	482	856	666	934	555	469	484	840	390	414	935	690	608
375	4815	407	384	477	486	421	483	851	642	955	582	424	448	799	439	448	790	648	596
376	4613	387	381	453	502	411	436	751	651	888	554	439	467	769	432	396	730	591	546
377	4531	356	356	475	463	393	395	759	673	854	561	425	404	686	417	432	733	610	534
378	4544	370	376	431	497	389	424	769	665	832	583	396	420	739	443	427	732	636	620
379	4424	351	307	406	461	392	386	772	632	898	549	437	398	721	418	414	721	565	497
380	4545	350	365	420	462	433	429	784	640	802	529	446	412	663	415	410	705	587	564
381	4132	322	345	407	435	368	371	672	547	772	578	402	366	737	366	403	707	518	533
382	4249	354	342	382	402	365	374	768	570	853	525	330	394	625	378	430	696	552	547
383	4135	294	319	375	440	376	346	701	586	772	527	409	389	661	343	397	664	524	525
384	4261	321	365	404	449	374	398	732	577	822	519	356	401	734	400	393	742	563	532
385	4183	309	347	349	399	413	419	733	552	796	508	376	398	667	388	386	669	572	531
386	4102	340	341	354	393	380	318	669	558	812	510	391	377	626	411	385	661	519	512
387	4158	343	332	426	439	372	393	633	582	749	485	404	385	664	360	392	715	494	470
388	3922	312	325	417	411	322	343	657	577	694	499	355	376	644	386	389	609	500	515
389	4064	324	330	389	420	355	351	700	621	741	474	373	397	667	391	351	613	531	499
390	3880	283	289	356	426	362	342	653	549	727	500	374	382	640	365	357	631	521	447
391	3981	334	338	374	385	326	324	636	566	747	473	354	384	667	398	384	659	474	527
392	4262	304	349	452	491	335	420	729	584	759	493	422	388	767	380	368	783	605	587
393	4019	325	350	373	440	370	371	663	575	720	489	377	329	668	382	344	686	485	513
394	3914	312	316	356	390	362	382	662	507	714	497	378	351	657	407	409	617	504	494
395	3930	320	331	382	377	338	363	638	589	702	480	354	351	606	370	370	639	487	513
396	3799	322	323	376	392	347	307	635	505	662	439	365	349	555	374	334	619	469	441
397	3594	259	316	376	390	316	352	613	538	637	454	302	357	578	377	325	568	473	474
398	3739	312	304	337	364	312	316	609	522	652	465	352	378	528	371	361	589	459	467
399	3615	288	309	379	410	314	350	595	482	648	443	329	332	558	382	375	591	404	462
400	3595	300	302	367	374	290	338	615	499	664	446	343	348	582	342	331	567	444	400
401	3478	273	290	343	361	287	323	581	507	621	431	328	333	541	390	334	545	429	467
402	3512	278	318	351	371	296	262	574	523	630	454	334	335	520	358	317	537	451	471
403	3472	267	282	355	364	314	336	536	490	645	434	342	341	546	335	311	589	443	436
404	3552	275	282	326	385	306	315	535	542	639	485	343	342	512	357	345	582	433	412
405	3474	286	262	297	336	288	317	578	479	616	447	329	351	500	327	329	572	421	453
406	3495	287	290	314	339	332	324	546	510	630	413	304	317	504	330	325	584	441	432
407	3347	257	283	299	344	328	275	571	483	650	448	313	291	501	358	325	496	401	424
408	3249	299	265	277	338	300	264	494	478	628	452	294	286	499	335	320	513	401	366
409	3156	225	258	303	330	253	281	542	457	582	423	315	301	473	309	315	490	414	406
410	3185	259	247	336	318	304	321	521	447	624	432	290	292	519	349	307	518	399	386
411	3464	284	316	335	326	313	312	582	460	620	453	337	315	536	333	303	554	438	490
412	3336	261	248	333	325	270	271	560	502	585	389	330	314	518	329	329	522	369	383
413	3166	274	286	300	329	263	301	489	470	578	416	305	304	494	322	307	468	419	386
414	3248	298	274	290	311	278	287	512	469	632	402	306	305	486	317	319	487	380	411
415	3082	259	272	294	337	252	270	515	458	562	384	287	279	460	332	303	457	403	393
416	3121	272	282	312	337	286	296	472	490	508	336	301	278	476	323	274	466	370	405
417	3025	248	290	268	320	258	304	486	456	558	431	285	241	461	346	277	484	368	375
418	3048	279	256	291	295	274	287	460	447	593	396	256	327	459	336	312	437	362	352
419	3147	256	242	290	292	293	292	493	431	579	376	324	291	452	300	322	495	368	365
420	2906	241	250	291	328	241	282	466	391	554	388	326	271	440	327	306	414	361	351
421	2935	271	235	266	272	274	275	485	424	540	376	281	238	465	351	284	443	381	362
422	2912	223	212	266	279	238	250	485	412	546	381	255	332	491	326	302	453	335	358
423	3014	232	272	280	287	241	270	497	454	579	400	299	267	451	313	305	447	362	352
424	2886	267	261	241	294	239	286	450	405	499	379	270	252	427	283	295	447	345	356
425	2827	251	274	265	260	241	233	447	420	506	349	243	237	450	306	268	446	345	328
426	2838	224	243	263	285	234	274	471	428	539	395	258	274	475	361	270	436	352	346
427	2875	254	230	285	276	255	248	460	418	487	368	271	257	436	316	274	456	302	356
428	2748	241	253	276	264	217	262	473	386	476	402	274	250	494	284	245	409	355	357
429	2897	267	259	235	314	241	239	444	419	508	359	266	286	420	326	267	448	357	357
430	2763	208	242	250	266	252	236	460	411	496	380	259	244	429	321	262	425	335	329
431	2853	237	244	244	279	245	258	458	437	482	335	259	272	415	290	256	445	349	307
432	2754	218	259	247	278	227	273	399	428	547	375	263	293	411	287	274	393	331	315
433	2786	228	224	277	271	244	240	444	415	525	352	249	263	447	298	279	440	313	331
434	2744	247	256	263	266	237	255	406	431	455	387	248	259	456	293	244	416	319	321
435	2774	263	219	230	266	270	271	411	413	461	337	248	280	450	320	246	424	352	324
436	2749	253	242	285	274	245	278	421	375	450	399	251	263	633	312	270	429	338	346
437	2780	270	241	268	247	228	300	422	407	470	385	250	270	512	296	275	417	310	319
438	2720	238	243	281	274	251	250	400	407	428	341	235	262	417	301	279	405	355	332
439	2775	238	269	249	251	215	257	429	388	484	334	299	246	433	294	278	413	321	331
440	2894	242	244	282	238	261	241	457	436	451	368	267	259	393	302	288	440	273	321
441	2780	253	248	226	281	234	265	431	406	452	363	267	263	427	315	274	404	334	320
442	2696	216	250	250	250	243	256	391	430	443	371	250	239	386	299	256	421	321	310
443	2686	224	240	242	224	244	231	400	414	478	355	226	256	430	301	269	413	295	314
444	2635	248	226	267	275	225	259	407	403	428	333	227	249	377	293	268	382	313	292
445	2709	246	232	260	271	237	218	368	392	419	338	281	283	404	308	283	387	301	328
446	2723	257	245	248	261	233	227	390	410	423	347	281	258	448	272	276	373	316	299
447	2602	233	213	259	256	229	217	374	410	438	327	262	265	451	282	258	358	352	311
448	2680	214	235	265	284	231	223	417	392	428	332	266	255	380	296	288	382	302	315
449	2594	223	211	251	263	241	212	389	401	465	355	241	226	348	296	288	374	325	304
450	2699	252	226	254	257	268	238	410	388	417	336	262	248	391	353	259	386	316	297
451	2690	276	222	253	262	226	229	377	398	426	353	233	255	379	282	304	399	281	291
452	2756	244	219	258	258	242	231	402	414	406	357	265	281	317	353	277	412	306	278
453	2653	239	236	265	260	212	192	377	414	439	326	278	288	348	300	256	353	302	298
454	2603	253	232	240	238	223	223	399	397	375	374	238	227	415	299	267	367	292	264
455	2618	214	271	254	234	206	204	365	405	401	330	235	276	359	306	258	388	306	289
456	2511	213	242	280	277	224	211	352	370	397	353	245	244	376	333	270	351	320	344
457	2743	229	235	242	253	233	196	410	444	380	357	260	262	340	304	284	386	286	306
458	2550	224	244	202	231	193	250	373	386	390	360	217	249	349	328	263	401	303	302
459	2604	253	266	244	229	219	212	362	408	392	378	235	260	365	322	247	354	266	283
460	2574	241	240	230	255	212	197	380	435	375	351	225	236	332	281	252	353	256	243
461	2625	235	276	248	258	228	241	319	386	382	367	278	260	354	322	257	386	288	300
462	2535	259	206	267	211	214	203	345	388	390	320	250	254	310	301	255	364	289	304
463	2498	262	232	261	227	204	197	333	412	374	334	229	251	360	333	242	333	288	269
464	2506	249	217	221	232	203	215	366	413	361	355	222	248	344	312	249	339	265	285
465	2431	231	254	227	241	209	206	323	407	318	370	226	210	345	306	234	337	284	249
466	2519	252	229	221	244	219	188	346	393	345	345	221	237	301	295	249	373	282	277
467	2485	251	217	229	219	201	213	328	404	345	359	227	251	291	311	254	352	256	264
468	2516	259	244	239	236	221	210	328	375	348	368	241	256	314	295	257	335	287	260
469	2453	243	226	196	245	231	210	340	397	324	329	233	221	298	314	245	317	264	259
470	2396	245	233	243	246	214	183	321	371	346	335	237	218	309	321	237	320	260	281
471	2362	208	196	196	189	222	176	330	379	339	331	218	232	281	289	240	337	261	282
472	2411	241	250	205	219	222	206	294	396	337	352	208	219	285	278	265	316	279	275
473	2351	244	211	228	221	204	189	311	365	361	386	233	228	293	291	258	297	280	275
474	2492	238	255	197	236	230	195	308	398	362	339	228	247	303	313	265	323	262	268
475	2349	249	239	199	220	191	217	318	378	323	329	223	196	278	290	236	319	237	245
476	2447	231	221	216	188	208	190	300	407	321	330	234	248	300	320	252	346	234	247
477	2397	254	220	224	233	210	196	294	404	295	377	224	236	303	295	258	297	247	260
478	2369	268	219	214	200	203	189	284	402	282	306	217	247	285	307	238	291	229	250
479	2393	233	242	228	225	197	201	322	412	323	343	226	247	301	302	224	290	228	273
480	2446	226	240	212	198	192	209	326	417	317	370	231	219	301	288	265	330	269	241
481	2397	236	256	209	219	213	181	287	407	309	357	217	236	298	320	254	291	227	253
482	2476	241	243	189	228	223	186	297	392	293	353	255	225	248	323	285	315	228	230
483	2455	243	245	229	194	209	238	309	388	297	362	226	251	305	313	259	325	244	275
484	2464	261	225	236	222	225	183	313	394	316	398	234	229	268	334	272	311	242	265
485	2443	247	231	225	230	237	192	300	411	343	380	236	236	259	345	246	299	283	265
486	2398	248	221	238	203	217	203	283	420	295	343	223	222	264	355	235	329	226	270
487	2446	240	245	217	218	224	212	283	402	276	349	232	239	300	319	269	312	272	254
488	2417	268	228	199	205	209	179	271	422	338	363	231	250	273	338	250	288	240	241
489	2478	258	223	209	238	232	172	319	424	277	372	239	257	264	302	253	273	247	260
490	2420	254	220	221	215	201	186	285	439	334	341	204	224	280	325	252	341	247	236
491	2524	267	260	216	233	250	188	311	423	325	342	232	249	278	374	248	284	259	242
492	2503	266	242	210	182	240	197	310	422	294	335	221	216	292	339	272	314	252	236
493	2465	251	260	220	218	199	192	267	422	291	326	243	238	288	342	263	322	243	267
494	2427	246	264	210	260	216	208	278	407	321	368	221	240	274	335	230	325	227	253
495	2470	274	263	212	199	208	222	310	402	297	326	231	238	277	336	242	302	224	252
496	2602	250	282	221	206	212	187	324	444	283	370	231	270	310	357	263	326	258	262
497	2515	289	246	201	231	227	177	291	454	318	343	258	228	315	305	249	273	262	250
498	2436	275	250	208	221	216	204	339	378	319	365	216	251	306	374	210	301	266	281
499	2536	264	262	212	219	214	221	326	433	295	348	253	236	300	345	248	300	220	283
500	2518	282	241	222	240	206	182	330	424	306	389	238	236	308	337	264	297	231	279
501	2443	265	239	213	219	220	183	321	408	288	365	220	238	317	323	240	292	257	255
502	2450	257	289	217	199	197	212	334	391	311	323	197	240	288	334	245	300	267	220
503	2497	278	215	250	212	214	196	319	429	293	379	241	232	267	329	269	300	240	241
504	2513	267	251	202	209	217	203	321	439	304	357	239	247	272	355	255	277	243	238
505	2373	260	245	232	228	217	199	271	384	299	353	233	217	292	300	245	301	237	239
506	2314	239	253	214	212	201	201	284	399	290	346	203	226	306	327	215	294	230	244
507	2485	264	230	187	229	229	210	307	403	316	342	269	226	298	337	250	307	244	268
508	2304	251	236	184	186	185	171	289	405	274	325	218	228	255	333	241	251	253	248
509	2403	260	247	217	248	219	201	283	379	299	352	234	238	281	331	259	284	233	254
510	2299	226	234	208	212	210	203	312	382	311	326	194	213	267	316	241	287	248	230
511	2325	228	260	210	212	186	208	281	397	309	342	219	211	277	327	245	298	243	262
512	2437	236	245	196	187	220	222	305	423	294	341	222	252	277	309	254	280	247	253
513	2458	245	236	204	228	197	202	333	397	272	384	251	246	254	323	240	313	236	223
514	2351	230	234	206	223	199	199	273	403	276	336	228	221	271	266	267	296	219	200
515	2235	231	240	203	203	209	198	249	382	257	343	208	230	268	331	230	256	223	254
516	2272	232	253	193	194	203	188	295	378	286	318	218	210	247	285	231	252	228	241
517	2216	230	222	228	195	201	209	273	381	279	306	183	235	275	291	226	265	184	230
518	2260	235	224	204	213	228	182	264	356	282	324	214	238	251	312	230	271	203	230
519	2182	234	225	197	166	180	175	265	371	258	313	234	224	239	332	200	249	222	241
520	2162	233	197	184	225	185	190	291	347	272	312	219	205	255	307	241	244	244	221
521	2251	227	242	179	204	196	168	281	390	250	320	186	227	256	315	216	286	225	272
522	2300	252	210	193	204	222	177	291	394	296	330	208	235	286	329	225	263	212	226
523	2266	231	206	193	192	185	185	297	376	283	303	213	208	244	283	263	287	244	231
524	2215	199	220	188	201	188	197	275	359	305	308	232	237	276	286	239	266	230	249
525	2202	236	216	187	215	190	181	276	385	281	345	211	214	277	285	232	242	196	230
526	2092	188	204	179	203	177	201	281	342	278	305	200	214	235	330	235	251	212	222
527	2212	227	220	211	201	173	194	252	409	278	331	219	231	242	291	228	253	219	223
528	2202	226	204	195	203	216	185	266	362	260	343	189	216	254	290	228	295	237	227
529	2208	239	218	150	177	195	172	265	387	288	350	209	218	276	295	221	256	228	266
530	2172	252	224	176	208	189	181	261	346	257	316	205	209	250	287	257	229	232	211
531	2175	225	211	194	186	204	181	283	365	288	302	181	195	252	296	232	279	194	199
532	2162	258	202	227	201	202	182	246	378	276	297	177	228	250	314	221	250	207	201
533	2187	238	222	180	204	211	165	270	372	271	337	187	200	278	287	234	253	227	209
534	2164	263	194	209	200	197	167	231	377	257	290	199	243	252	277	207	253	217	204
535	2114	201	187	205	214	203	170	263	369	300	305	189	218	266	272	218	266	217	226
536	2108	203	197	208	176	204	175	252	349	262	331	199	213	256	294	238	253	206	235
537	2074	224	202	200	184	185	191	251	331	247	309	197	178	254	283	243	263	194	200
538	2042	202	225	192	198	205	168	253	320	229	280	197	192	245	277	202	246	211	215
539	2035	219	200	159	184	193	188	207	326	233	272	191	214	244	279	202	283	206	192
540	2051	187	232	175	197	199	153	226	372	241	315	201	193	245	278	201	240	219	211
541	2049	217	198	199	177	173	155	269	339	287	276	186	205	240	267	201	261	189	219
542	2006	215	241	209	179	180	182	233	342	274	283	171	216	259	275	172	236	209	205
543	1998	213	218	161	202	176	195	248	339	226	292	194	185	241	258	215	210	196	220
544	1937	223	199	164	214	176	154	239	312	245	307	174	193	220	272	187	234	200	207
545	2021	205	225	174	171	170	168	233	331	245	306	180	182	199	285	210	285	223	217
546	2004	237	183	160	193	174	172	220	352	264	318	189	213	226	287	191	245	196	211
547	2011	191	195	179	172	210	178	219	351	229	295	185	204	244	261	211	245	198	219
548	2051	207	208	146	176	173	174	250	345	273	267	215	199	235	283	215	239	194	203
549	2007	208	174	167	147	174	140	242	344	241	273	194	194	256	299	211	266	191	185
550	1888	205	186	174	182	160	177	219	341	256	265	180	188	231	269	183	226	194	208
551	1868	205	203	172	178	158	156	250	328	202	287	163	175	232	279	166	220	187	186
552	1931	201	169	171	193	168	156	254	324	212	268	189	201	224	266	183	242	181	190
553	1778	184	149	198	170	165	171	222	294	236	265	166	152	223	278	183	263	190	200
554	1861	206	187	137	162	157	154	223	325	227	290	145	192	213	242	184	242	200	204
555	1867	198	197	167	167	173	150	228	289	260	241	172	191	203	243	190	229	202	220
556	1843	203	188	165	156	167	164	239	294	235	282	175	166	221	317	182	229	157	210
557	1935	198	177	168	159	154	172	252	320	248	301	158	225	206	264	212	239	196	206
558	1879	194	186	174	164	146	161	238	324	260	256	169	175	211	250	209	238	202	192
559	1993	177	187	181	181	164	169	249	352	236	252	199	209	203	250	190	266	200	192
560	1925	211	178	181	153	165	159	214	342	233	266	164	181	215	238	204	266	181	183
561	1970	204	200	170	186	183	158	227	293	230	262	205	186	209	301	208	264	208	217
562	1988	215	188	187	178	200	158	217	319	210	297	183	196	226	277	187	283	198	221
563	1899	212	211	174	170	142	161	250	313	261	260	173	171	211	250	216	211	192	178
564	1876	182	167	154	174	162	163	221	349	238	286	169	186	234	259	196	244	194	212
565	1948	223	216	191	182	151	172	222	325	258	301	177	194	215	286	189	251	209	179
566	1900	182	214	165	172	171	137	226	285	249	278	176	184	216	237	214	248	191	206
567	1945	200	179	178	190	188	162	246	346	242	296	152	182	214	261	208	244	168	208
568	1967	183	216	178	162	163	172	235	329	241	295	187	223	205	292	166	265	234	188
569	1911	193	163	169	171	161	161	232	313	247	288	177	224	237	274	183	265	188	208
570	1983	237	206	176	147	191	173	246	305	248	286	174	201	221	266	195	228	197	189
571	1918	183	198	189	161	192	177	241	314	239	287	175	169	209	305	212	234	198	172
572	1916	212	184	171	152	174	171	229	333	230	276	153	197	229	272	215	219	167	192
573	1810	168	172	173	187	164	148	211	313	227	265	158	194	217	240	197	233	174	203
574	1932	192	163	187	172	187	139	225	330	246	297	177	200	203	277	223	235	201	201
575	1911	202	175	181	192	166	146	225	337	238	275	165	194	223	287	204	243	175	205
576	1989	187	206	175	164	194	174	249	348	237	315	180	179	218	265	206	240	205	189
577	2009	218	203	167	190	182	147	226	321	241	294	195	221	220	281	225	218	170	189
578	1977	204	189	191	188	203	153	229	342	245	276	168	197	234	274	213	232	169	215
579	1918	210	218	169	179	170	159	236	313	230	297	159	177	234	263	197	238	185	209
580	1806	195	176	174	172	158	142	214	307	210	289	179	190	208	255	178	209	183	183
581	1878	199	193	175	179	188	137	216	309	248	301	163	190	216	283	202	218	200	214
582	1924	236	173	164	162	165	172	226	357	224	283	173	159	226	249	179	256	205	193
583	1866	193	182	173	177	183	161	203	339	242	288	165	190	235	297	194	217	206	194
584	1916	209	194	169	170	181	169	206	320	254	276	192	185	231	276	200	229	203	181
585	1892	188	177	179	156	145	166	230	322	212	259	171	179	205	252	210	270	190	192
586	1871	204	185	169	174	144	159	225	336	207	276	160	166	223	260	216	235	183	196
587	1832	191	185	137	160	140	145	228	330	217	267	173	172	226	238	176	237	171	188
588	1917	210	198	156	179	129	163	234	333	247	261	173	185	202	246	180	275	195	193
589	1907	181	183	150	148	177	141	237	355	235	250	166	167	217	231	195	246	182	187
590	1868	201	185	163	181	147	139	206	324	224	271	172	195	212	231	203	235	179	171
591	1800	206	193	173	156	157	154	213	292	203	290	167	185	225	257	181	206	172	191
592	0	0	0	0	0	0	0	0	0	0	0	0	0	0	0	0	0	0	0
593	0	0	0	0	0	0	0	0	0	0	0	0	0	0	0	0	0	0	0
594	0	0	0	0	0	0	0	0	0	0	0	0	0	0	0	0	0	0	0
595	0	0	0	0	0	0	0	0	0	0	0	0	0	0	0	0	0	0	0
596	0	0	0	0	0	0	0	0	0	0	0	0	0	0	0	0	0	0	0
597	0	0	0	0	0	0	0	0	0	0	0	0	0	0	0	0	0	0	0
598	0	0	0	0	0	0	0	0	0	0	0	0	0	0	0	0	0	0	0
599	0	0	0	0	0	0	0	0	0	0	0	0	0	0	0	0	0	0	0
600	0	0	0	0	0	0	0	0	0	0	0	0	0	0	0	0	0	0	0
