Position	A	T	G	C
-100	0.30000000000000004	0.1	0.30000000000000004	0.30000000000000004
-99	0.1	0.1	0.4	0.4
-98	0.2	0	0.4	0.4
-97	0.2	0.1	0.30000000000000004	0.4
-96	0	0.1	0.6	0.30000000000000004
-95	0.2	0.2	0.4	0.2
-94	0.2	0	0.30000000000000004	0.5
-93	0	0.2	0.4	0.4
-92	0	0.2	0.4	0.4
-91	0.2	0.30000000000000004	0.4	0.1
-90	0.2	0	0.2	0.6
-89	0.1	0.5	0.30000000000000004	0.1
-88	0	0.1	0.6	0.30000000000000004
-87	0	0.1	0.5	0.4
-86	0	0	0.6	0.4
-85	0.1	0.2	0.4	0.30000000000000004
-84	0	0	0.6	0.4
-83	0.2	0	0.5	0.30000000000000004
-82	0.1	0.1	0.7	0.1
-81	0.1	0	0.6	0.30000000000000004
-80	0.1	0.1	0.30000000000000004	0.5
-79	0.1	0.1	0.4	0.4
-78	0.1	0	0.30000000000000004	0.6
-77	0.1	0	0.7	0.2
-76	0.2	0.1	0.30000000000000004	0.4
-75	0.1	0.1	0.6	0.2
-74	0	0	0.7	0.30000000000000004
-73	0.1	0.2	0.5	0.2
-72	0.30000000000000004	0.1	0.1	0.5
-71	0	0.1	0.7	0.2
-70	0	0.1	0.4	0.5
-69	0	0.2	0.4	0.4
-68	0.1	0.1	0.5	0.30000000000000004
-67	0.1	0.1	0.4	0.4
-66	0.1	0	0.1	0.7999999999999999
-65	0	0.1	0.7	0.2
-64	0.1	0.2	0.4	0.30000000000000004
-63	0	0.2	0.1	0.7
-62	0	0	0.6	0.4
-61	0	0.2	0.4	0.4
-60	0	0.1	0.2	0.7
-59	0.1	0	0.5	0.4
-58	0	0.4	0.30000000000000004	0.30000000000000004
-57	0	0	0.30000000000000004	0.7
-56	0.1	0.2	0.4	0.30000000000000004
-55	0.1	0.1	0.4	0.4
-54	0.30000000000000004	0	0.2	0.5
-53	0.1	0.2	0.30000000000000004	0.4
-52	0	0.2	0.6	0.2
-51	0.1	0.2	0.2	0.5
-50	0.1	0	0.5	0.4
-49	0	0.2	0.5	0.30000000000000004
-48	0	0.1	0.4	0.5
-47	0	0.1	0.5	0.4
-46	0.1	0.1	0.2	0.6
-45	0.1	0	0.4	0.5
-44	0.1	0.1	0.4	0.4
-43	0	0.2	0.30000000000000004	0.5
-42	0.2	0.2	0.2	0.4
-41	0	0	0.2	0.7999999999999999
-40	0.1	0.1	0.5	0.30000000000000004
-39	0.1	0.2	0.4	0.30000000000000004
-38	0.2	0.1	0.30000000000000004	0.4
-37	0	0.30000000000000004	0	0.7
-36	0.1	0.1	0.30000000000000004	0.5
-35	0.2	0.1	0.30000000000000004	0.4
-34	0.1	0.1	0.30000000000000004	0.5
-33	0.2	0.1	0.1	0.6
-32	0	0.30000000000000004	0.2	0.5
-31	0	0	0.5	0.5
-30	0.1	0.1	0.5	0.30000000000000004
-29	0	0.2	0.7	0.1
-28	0	0.5	0.2	0.30000000000000004
-27	0	0	0.2	0.7999999999999999
-26	0.1	0.30000000000000004	0	0.6
-25	0	0	0.6	0.4
-24	0	0	0.4	0.6
-23	0	0	0.6	0.4
-22	0.2	0.1	0.2	0.5
-21	0.1	0.2	0.1	0.6
-20	0	0.30000000000000004	0.5	0.2
-19	0.1	0	0.5	0.4
-18	0	0.1	0.4	0.5
-17	0	0.1	0.4	0.5
-16	0.1	0.2	0.2	0.5
-15	0	0.2	0.1	0.7
-14	0.1	0.30000000000000004	0.2	0.4
-13	0.1	0	0.30000000000000004	0.6
-12	0.2	0	0.2	0.6
-11	0	0	0.4	0.6
-10	0	0.2	0.4	0.4
-9	0.1	0.1	0.2	0.6
-8	0.1	0	0.1	0.7999999999999999
-7	0.1	0.1	0.2	0.6
-6	0	0.1	0.5	0.4
-5	0.2	0.1	0.6	0.1
-4	0.30000000000000004	0.1	0.30000000000000004	0.30000000000000004
-3	0.2	0	0.5	0.30000000000000004
-2	0.2	0.1	0.2	0.5
-1	0	0.4	0.1	0.5
1	0.6	0	0.4	0
2	0.1	0.1	0.4	0.4
3	0.30000000000000004	0.30000000000000004	0.4	0
4	0	0.2	0.6	0.2
5	0.1	0.1	0.4	0.4
6	0.2	0.30000000000000004	0.1	0.4
7	0	0.1	0.5	0.4
8	0.1	0.1	0.5	0.30000000000000004
9	0	0.2	0.4	0.4
10	0.2	0	0.6	0.2
11	0.2	0.1	0.4	0.30000000000000004
12	0.30000000000000004	0	0.2	0.5
13	0.1	0.1	0.6	0.2
14	0.1	0.1	0.5	0.30000000000000004
15	0.30000000000000004	0.2	0.30000000000000004	0.2
16	0.30000000000000004	0	0.30000000000000004	0.4
17	0	0.1	0.2	0.7
18	0.1	0.2	0.4	0.30000000000000004
19	0.1	0	0.2	0.7
20	0	0.1	0.5	0.4
21	0.1	0.1	0.2	0.6
22	0.2	0	0.4	0.4
23	0.1	0	0.5	0.4
24	0	0.1	0.5	0.4
25	0.1	0.2	0.2	0.5
26	0.2	0.1	0.2	0.5
27	0.1	0.2	0.30000000000000004	0.4
28	0.2	0.2	0.4	0.2
29	0	0.1	0.4	0.5
30	0.1	0.1	0.30000000000000004	0.5
31	0.4	0	0.4	0.2
32	0	0	0.4	0.6
33	0.1	0.1	0.4	0.4
34	0.2	0.2	0.5	0.1
35	0	0.2	0.30000000000000004	0.5
36	0.1	0.1	0.1	0.7
37	0.1	0.4	0.30000000000000004	0.2
38	0	0.1	0.6	0.30000000000000004
39	0.30000000000000004	0.30000000000000004	0	0.4
40	0.2	0.30000000000000004	0.30000000000000004	0.2
41	0.1	0.2	0.4	0.30000000000000004
42	0.2	0.1	0.2	0.5
43	0	0	0.7	0.30000000000000004
44	0	0.1	0.2	0.7
45	0.2	0	0.30000000000000004	0.5
46	0	0	0.6	0.4
47	0.1	0	0	0.8999999999999999
48	0.1	0.1	0.6	0.2
49	0.2	0.1	0.30000000000000004	0.4
50	0.1	0.1	0.4	0.4
51	0	0.1	0.5	0.4
52	0.2	0.1	0.2	0.5
53	0	0	0.7	0.30000000000000004
54	0.30000000000000004	0.1	0.2	0.4
55	0.1	0.2	0.6	0.1
56	0	0.2	0.4	0.4
57	0	0.2	0.4	0.4
58	0	0.2	0.5	0.30000000000000004
59	0	0.2	0.4	0.4
60	0.2	0.1	0.30000000000000004	0.4
61	0.1	0.1	0.4	0.4
62	0.1	0.2	0.30000000000000004	0.4
63	0	0.1	0.4	0.5
64	0.1	0.2	0.30000000000000004	0.4
65	0	0.2	0.5	0.30000000000000004
66	0	0.2	0.2	0.6
67	0.1	0.2	0.30000000000000004	0.4
68	0.2	0	0.4	0.4
69	0.1	0	0.5	0.4
70	0.1	0	0.30000000000000004	0.6
71	0.2	0.1	0.30000000000000004	0.4
72	0	0.1	0.30000000000000004	0.6
73	0.2	0.1	0.4	0.30000000000000004
74	0.30000000000000004	0.2	0.1	0.4
75	0.1	0	0.5	0.4
76	0	0.2	0.5	0.30000000000000004
77	0.4	0	0.30000000000000004	0.30000000000000004
78	0	0.1	0.5	0.4
79	0.1	0	0.1	0.7999999999999999
80	0.2	0.30000000000000004	0.30000000000000004	0.2
81	0	0	0.30000000000000004	0.7
82	0.2	0.1	0	0.7
83	0	0.2	0.30000000000000004	0.5
84	0	0.1	0.4	0.5
85	0	0.1	0.4	0.5
86	0.1	0	0.5	0.4
87	0.2	0	0.30000000000000004	0.5
88	0.1	0	0.5	0.4
89	0.2	0.30000000000000004	0.2	0.30000000000000004
90	0.30000000000000004	0.1	0.2	0.4
91	0.1	0.1	0.4	0.4
92	0	0	0.7999999999999999	0.2
93	0.2	0.2	0.1	0.5
94	0.2	0	0.4	0.4
95	0.2	0.2	0.30000000000000004	0.30000000000000004
96	0	0.1	0.4	0.5
97	0.1	0	0.30000000000000004	0.6
98	0.30000000000000004	0.2	0.2	0.30000000000000004
99	0	0.30000000000000004	0.30000000000000004	0.4
100	0.30000000000000004	0.1	0.2	0.4
